Name,Marks
Alice,78
Bob,85
Cilian,92
David,68
Elon,88
Fransis,78
Garry,76
Harry,90
Ian,57
Jonathan,67
Kraig,5
Lancel,78
Mitchel,90
Nathan,98
Osho,87
Peter,67
Quinton,76
Ramsey,56
Steve,68
Tom,49
Umar,90
Victor,91
Warren,98
Xavier,94
Yancy,90
Zoravar,67
Andres,89
Berlin,94
Charlie,83
David,72
Eoin,70
Faf,51
Glenn,69
Henry,43
Imam,84
Justin,75
Keira,68
Liam,70
Marcus,82
Nancy,83
Olivia,75
Patrick,5
Queen,89
Robin,90
Shane,91
Tony,23
Usain,57
Victoria,47
William,90
Xannos,45
Yunta,65
Zane,76
Anthony,77
Brandon,88
Chris,55
Danny,62
Emily,91
Freddy,99
Grace,83
Harper,84
Issac,73
James,67
Kevin,89
Lucas,90
Michael,94
Nick,96
Oliver,78
Philip,90
Quinn,84
Robert,78
Sophia,56
Thomas,63
Ulrich,100
Vincenzo,98
Wyatt,65
Xyla,86
York,56
Zoe,89
Alex,85
Ben,84
Clive,74
Daniel,75
Elton,85
Frank,67
Grame,93
Heath,45
Ivy,65
Jack,55
Kane,99
Luke,76
Matt,77
Neil,87
Ollie,77
Paul,88
Quinny,66
Ricky,56
Shaun,63
Trent,43
Usman,76
Vivian,83
Washington,93
Xampa,90
Yuzi,82
Zubin,91
